{"codebleu": 0.5614475400534168, "ngram_match_score": 0.6433113529995416, "weighted_ngram_match_score": 0.7648170620497263, "syntax_match_score": 0.3907181092818907, "dataflow_match_score": 0.4469436358825086}