{"codebleu": 0.46697809526793665, "ngram_match_score": 0.372633189060299, "weighted_ngram_match_score": 0.7401035339103618, "syntax_match_score": 0.32023925921665614, "dataflow_match_score": 0.43493639888442964}