{"codebleu": 0.5749961187669324, "ngram_match_score": 0.6740933647326295, "weighted_ngram_match_score": 0.7695650564452405, "syntax_match_score": 0.3871979124067691, "dataflow_match_score": 0.4691281414830903}