{"codebleu": 0.5603361837575179, "ngram_match_score": 0.6835557558047388, "weighted_ngram_match_score": 0.7532606896567382, "syntax_match_score": 0.3568474177512997, "dataflow_match_score": 0.4476808718172951}