{"codebleu": 0.5367960701043833, "ngram_match_score": 0.5432416589895406, "weighted_ngram_match_score": 0.7654824929578087, "syntax_match_score": 0.38160521762278715, "dataflow_match_score": 0.456854910847397}