{"precision": 0.9396314024925232, "recall": 0.9469383358955383, "f1": 0.9426658153533936, "f3": 0.945979654788971}