{"precision": 0.8583666086196899, "recall": 0.9332830905914307, "f1": 0.8908092975616455, "f3": 0.9237774014472961}