{"precision": 0.9219250082969666, "recall": 0.9422813057899475, "f1": 0.9311390519142151, "f3": 0.9398778676986694}