{"precision": 0.912402868270874, "recall": 0.9399511814117432, "f1": 0.9250121712684631, "f3": 0.9367536902427673}