{"precision": 0.9237819314002991, "recall": 0.94027179479599, "f1": 0.9309308528900146, "f3": 0.9382153153419495}