{"codebleu": 0.5279239726004968, "ngram_match_score": 0.4297331639457659, "weighted_ngram_match_score": 0.7742406484974419, "syntax_match_score": 0.4053796715067841, "dataflow_match_score": 0.5023424064519955}