{"codebleu": 0.5858972085040862, "ngram_match_score": 0.7623248507855492, "weighted_ngram_match_score": 0.7623942814275607, "syntax_match_score": 0.3664086597218181, "dataflow_match_score": 0.4524610420814169}