{"codebleu": 0.5378678495416497, "ngram_match_score": 0.45315903775633487, "weighted_ngram_match_score": 0.7756928911870546, "syntax_match_score": 0.4156065974966222, "dataflow_match_score": 0.5070128717265868}