{"codebleu": 0.5381016999556356, "ngram_match_score": 0.44864046662732493, "weighted_ngram_match_score": 0.7733956129908724, "syntax_match_score": 0.416167435694802, "dataflow_match_score": 0.5142032845095428}