{"codebleu": 0.5456829058003951, "ngram_match_score": 0.45765647902713735, "weighted_ngram_match_score": 0.778473658369438, "syntax_match_score": 0.4251488874662942, "dataflow_match_score": 0.5214525983387108}