{"codebleu": 0.5408182573565888, "ngram_match_score": 0.45191955407546086, "weighted_ngram_match_score": 0.7746195163472056, "syntax_match_score": 0.4181811151496404, "dataflow_match_score": 0.5185528438540487}