{"codebleu": 0.5446646418999705, "ngram_match_score": 0.4508998344998897, "weighted_ngram_match_score": 0.7769296430554812, "syntax_match_score": 0.42689470790117373, "dataflow_match_score": 0.5239343821433373}