{"codebleu": 0.5466998386194312, "ngram_match_score": 0.4571578541274466, "weighted_ngram_match_score": 0.7770827142181608, "syntax_match_score": 0.4302644807052819, "dataflow_match_score": 0.5222943054268355}