{"codebleu": 0.48117053632690715, "ngram_match_score": 0.44482003633226147, "weighted_ngram_match_score": 0.7384988167225248, "syntax_match_score": 0.3154127381181451, "dataflow_match_score": 0.42595055413469735}