{"codebleu": 0.5613757117354051, "ngram_match_score": 0.6805972558043668, "weighted_ngram_match_score": 0.7492926214010361, "syntax_match_score": 0.3566241301503631, "dataflow_match_score": 0.4589888395858545}