{"codebleu": 0.5320415458305932, "ngram_match_score": 0.5525582757398017, "weighted_ngram_match_score": 0.765391198760507, "syntax_match_score": 0.36753154010949773, "dataflow_match_score": 0.44268516871256597}