{"codebleu": 0.5467226593279056, "ngram_match_score": 0.454558648852403, "weighted_ngram_match_score": 0.7796790729466242, "syntax_match_score": 0.42598304525791, "dataflow_match_score": 0.5266698702546853}