{"codebleu": 0.5342744262350689, "ngram_match_score": 0.4641639519535805, "weighted_ngram_match_score": 0.7745091961703005, "syntax_match_score": 0.4017750875641854, "dataflow_match_score": 0.496649469252209}