{"codebleu": 0.5352394926068276, "ngram_match_score": 0.6177984153168268, "weighted_ngram_match_score": 0.7593894843338257, "syntax_match_score": 0.3481020725520687, "dataflow_match_score": 0.41566799822458944}