{"codebleu": 0.5438464781139309, "ngram_match_score": 0.44642481898504793, "weighted_ngram_match_score": 0.7767525739513101, "syntax_match_score": 0.4341568857960902, "dataflow_match_score": 0.5180516337232756}