{"precision": 0.9258018732070923, "recall": 0.9414294958114624, "f1": 0.9324882626533508, "f3": 0.9394478797912598}