{"precision": 0.9233312606811523, "recall": 0.9397255182266235, "f1": 0.9305160045623779, "f3": 0.9377127289772034}