{"precision": 0.9093433618545532, "recall": 0.9394402503967285, "f1": 0.9231302738189697, "f3": 0.9359458684921265}