{"precision": 0.873924732208252, "recall": 0.9445979595184326, "f1": 0.9068804383277893, "f3": 0.9366071820259094}