{"precision": 0.923372745513916, "recall": 0.9397010803222656, "f1": 0.9305245876312256, "f3": 0.9376949071884155}