{"precision": 0.8686012029647827, "recall": 0.942141056060791, "f1": 0.9028194546699524, "f3": 0.9337972402572632}