{"precision": 0.8722168803215027, "recall": 0.942551851272583, "f1": 0.9049218893051147, "f3": 0.9345583319664001}