{"precision": 0.8709590435028076, "recall": 0.9426625370979309, "f1": 0.9043077826499939, "f3": 0.9345173835754395}