{"precision": 0.8711948990821838, "recall": 0.9410683512687683, "f1": 0.9038419127464294, "f3": 0.9331963062286377}