{"precision": 0.9485849142074585, "recall": 0.9446382522583008, "f1": 0.9460510015487671, "f3": 0.9448333382606506}