{"precision": 0.8746997714042664, "recall": 0.9425979256629944, "f1": 0.9064348340034485, "f3": 0.9349503517150879}