{"precision": 0.8591195940971375, "recall": 0.9304553270339966, "f1": 0.8905553817749023, "f3": 0.9216588735580444}