{"precision": 0.9233333468437195, "recall": 0.9397256970405579, "f1": 0.9305172562599182, "f3": 0.9377131462097168}