{"precision": 0.871181070804596, "recall": 0.9439945816993713, "f1": 0.9050281643867493, "f3": 0.9357168674468994}