{"precision": 0.9259446859359741, "recall": 0.9415062665939331, "f1": 0.9326000809669495, "f3": 0.9395320415496826}