{"precision": 0.8675470948219299, "recall": 0.9408348202705383, "f1": 0.901821494102478, "f3": 0.9325867891311646}