{"precision": 0.871343195438385, "recall": 0.9431617259979248, "f1": 0.9047562479972839, "f3": 0.9350090026855469}